{
    "$schema": "https://schema.management.azure.com/schemas/2015-01-01/deploymentParameters.json#",
    "contentVersion": "1.0.0.0",
    "parameters": {
        "location": {
            "value": "westeurope"
        },
        "networkInterfaceName": {
            "value": "vm1427"
        },
        "subnetName": {
            "value": "inside"
        },
        "virtualNetworkId": {
            "value": "/subscriptions/cc934d76-6d72-49cb-a908-81217ad4ae29/resourceGroups/RG_Sofia.Valles/providers/Microsoft.Network/virtualNetworks/CiscoFTDVNet"
        },
        "virtualMachineName": {
            "value": "vm1"
        },
        "virtualMachineComputerName": {
            "value": "vm1"
        },
        "virtualMachineRG": {
            "value": "RG_Sofia.Valles"
        },
        "osDiskType": {
            "value": "Standard_LRS"
        },
        "virtualMachineSize": {
            "value": "Standard_B1ls"
        },
        "adminUsername": {
            "value": "sofia-valles"
        },
        "adminPassword": {
            "value": null
        },
        "diagnosticsStorageAccountName": {
            "value": "rgsofiavalles"
        },
        "diagnosticsStorageAccountId": {
            "value": "/subscriptions/cc934d76-6d72-49cb-a908-81217ad4ae29/resourceGroups/RG_Sofia.Valles/providers/Microsoft.Storage/storageAccounts/rgsofiavalles"
        }
    }
}